18;Услуги печатные и услуги по копированию звуко- и видеозаписей, а также программных средств
18.1;Услуги полиграфические и услуги, связанные с печатанием
18.11;Услуги по печатанию газет
18.11.1;Услуги по печатанию газет
18.11.10;Услуги по печатанию газет. Эта группировка включает: услуги по печатанию газет, журналов и периодических изданий, выходящих не реже четырех раз в неделю
18.11.10.000;Услуги по печатанию газет
18.12;Услуги печатные прочие
18.12.1;Услуги печатные прочие
18.12.11;Услуги по печатанию марок почтовых, марок гербовых, документов правоустанавливающих, карточек микропроцессорных, книжек чековых и прочих ценных бумаг и аналогичной продукции
18.12.11.000;Услуги по печатанию марок почтовых, марок гербовых, документов правоустанавливающих, карточек микропроцессорных, книжек чековых и прочих ценных бумаг и аналогичной продукции
18.12.12;Услуги по печатанию торгово-рекламных каталогов, проспектов, плакатов и прочей печатной рекламной продукции
18.12.12.000;Услуги по печатанию торгово-рекламных каталогов, проспектов, плакатов и прочей печатной рекламной продукции
18.12.13;Услуги по печатанию журналов и периодических изданий, выходящих реже четырех раз в неделю
18.12.13.000;Услуги по печатанию журналов и периодических изданий, выходящих реже четырех раз в неделю
18.12.14;Услуги по печатанию книг, географических карт, гидрографических или аналогичных карт всех видов, репродукций, чертежей и фотографий, открыток
18.12.14.000;Услуги по печатанию книг, географических карт, гидрографических или аналогичных карт всех видов, репродукций, чертежей и фотографий, открыток
18.12.15;Услуги по печатанию этикеток и ярлыков
18.12.15.000;Услуги по печатанию этикеток и ярлыков
18.12.16;Услуги по печатанию непосредственно на пластмассе, стекле, металле, дереве и керамике. Эта группировка не включает: различные услуги, предоставляемые в присутствии заказчика, см. 95.29.19
18.12.16.000;Услуги по печатанию непосредственно на пластмассе, стекле, металле, дереве и керамике
18.12.19;Услуги печатные прочие, не включенные в другие группировки
18.12.19.110;Услуги по печатанию брошюр
18.12.19.120;Услуги по печатанию нотных изданий
18.12.19.130;Услуги по печатанию книг, журналов, нотных изданий, альбомов иллюстраций, географических альбомов для слепых
18.12.19.140;Услуги по печатанию многокрасочной упаковки с дополнительными оформительскими элементами на листах бумаги и картона с последующим формированием конечного изделия
18.12.19.190;Услуги печатные прочие, не включенные в другие группировки
18.13;Услуги по подготовке к печати и предпечатные услуги
18.13.1;Услуги по подготовке к печати
18.13.10;"Услуги по подготовке к печати. Эта группировка включает: услуги по составлению, набору, фотонабору, вводу данных, включая сканирование и оптическое распознавание символов; услуги по электронной верстке, составлению документов, подготовке публикаций с помощью настольных издательских средств и все прочие услуги по подготовке печатного оригинала; услуги по подготовке цифровых данных, например по актуализации, отбору, компоновке цифровых данных; компьютерное проектирование, компьютерное производство, электронные процессы для предоставления услуг вывода данных; услуги по цифровой раскладке листов; услуги по изготовлению печатных форм, включая изготовление иллюстраций и клише (для высокой и офсетной печати); услуги по изготовлению или обтравливанию цилиндров для глубокой печати; услуги по фоторепродуцированию прямо на печатную форму (в том числе на фотополимерные печатные формы); услуги по изготовлению печатных форм и штампов для тиснения или высокой печати; услуги по художественным работам, в том числе на литографском камне, и изготовлению клише с гравюры на дереве"
18.13.10.000;Услуги по подготовке к печати
18.13.2;Пластины, цилиндры и прочие типографские элементы, используемые для печати
18.13.20;Пластины, цилиндры и прочие типографские элементы, используемые для печати
18.13.20.110;Пластины, используемые для печати
18.13.20.120;Цилиндры, используемые для печати
18.13.20.190;Элементы типографские прочие, используемые для печати
18.13.3;Услуги дополнительные, связанные с печатанием
18.13.30;"Услуги дополнительные, связанные с печатанием. Эта группировка включает: услуги по производству средств оформления печатной продукции, например фольги для покрытия переплетов и прочих цифровых элементов оформления; услуги по художественному оформлению печатной продукции, например изготовлению эскизов, макетов издания и т.д.
"
18.13.30.000;Услуги дополнительные, связанные с печатанием
18.14;Услуги переплетные и связанные с переплетом и отделкой книг и аналогичных изделий
18.14.1;Услуги переплетные и связанные с переплетом и отделкой книг и аналогичных изделий
18.14.10;"Услуги переплетные и связанные с переплетом и отделкой книг и аналогичных изделий. Эта группировка включает: услуги по переплетению, фальцовке, подборке, шитью, склеиванию, проверке листов брошюруемой книги, наметке, бесшвейному скреплению книжного блока клеем, обрезке блока книги, тиснению золотом; прочие оформительские услуги, такие как услуги по тампопечати, изготовлению гравюры штампов и тиснению, изготовлению форм для Брайлевской печати, перфорированию и сверлению, рельефному тиснению, лакированию и ламинированию, проверке листов брошюруемой книги, их вкладыванию, фальцовке и т.д.; услуги по переплету книг заново"
18.14.10.100;Услуги переплетные и связанные с переплетом и отделкой книг
18.14.10.200;"Услуги переплетные и связанные с переплетом аналогичных изделий. Эта группировка также включает: услуги переплетные, брошюровочные, окантовочные, картонажные работы по индивидуальному заказу населения
"
18.2;Услуги по копированию звуко- и видеозаписей, а также программных средств
18.20;Услуги по копированию звуко- и видеозаписей, а также программных средств
18.20.1;Услуги по копированию звукозаписей
18.20.10;"Услуги по копированию звукозаписей. Эта группировка включает: услуги по копированию на грампластинки, магнитофонные пленки, компакт-диски (CD) и цифровые видеодиски (DVD) музыкальных и других звукозаписей с оригинальной матрицы (мастер-копии)
"
18.20.10.110;Услуги по копированию звукозаписей на грампластинки
18.20.10.120;Услуги по копированию звукозаписей или видеозаписей на магнитные ленты
18.20.10.130;Услуги по копированию звукозаписей на компакт-диски (CD)
18.20.2;Услуги по копированию видеозаписей
18.20.20;"Услуги по копированию видеозаписей. Эта группировка включает: услуги по копированию на видеоленты и цифровые видеодиски (DVD) фильмов и прочих видеозаписей с оригинальной матрицы (мастер-копии)
"
18.20.20.000;Услуги по копированию видеозаписей
18.20.3;Услуги по копированию программных средств
18.20.30;"Услуги по копированию программных средств. Эта группировка включает: услуги по копированию на все виды дисков и лент программных средств и данных с оригинальной матрицы (мастер-копии)
"
26.5;"Оборудование для измерения, испытаний и навигации; часы всех видов"
26.51;Оборудование для измерения, испытаний и навигации
26.51.1;Приборы навигационные, метеорологические, геофизические и аналогичные инструменты
26.51.11;"Компасы для определения направления; прочие навигационные инструменты и приборы"
26.51.11.110;Компасы для определения направления
26.51.11.190;Приборы и инструменты навигационные прочие
26.51.12;"Дальномеры, теодолиты и тахиметры (тахеометры); прочие геодезические, гидрографические, океанографические, гидрологические, метеорологические или геофизические инструменты и приборы"
26.51.12.110;Дальномеры, теодолиты и тахиметры (тахеометры)
26.51.12.120;Инструменты и приборы геодезические
26.51.12.130;Инструменты и приборы гидрографические
26.51.12.140;Инструменты и приборы океанографические
26.51.12.150;Инструменты и приборы гидрологические
26.51.12.160;Инструменты и приборы геофизические
26.51.12.190;Инструменты и приборы прочие
26.51.2;Аппаратура радиолокационная, радионавигационная и радиоаппаратура дистанционного управления
26.51.20;Аппаратура радиолокационная, радионавигационная и радиоаппаратура дистанционного управления
26.51.20.110;Аппаратура радиолокационная
26.51.20.120;Аппаратура радионавигационная
26.51.20.121;Аппаратура радионавигационная для работы в системе спутниковой навигации ГЛОНАСС или ГЛОНАСС/GPS
26.51.20.122;"Аппаратура радионавигационная для работы в системах спутниковой навигации GPS или ""Галилео"""
26.51.20.129;Аппаратура радионавигационная прочая
26.51.20.130;Радиоаппаратура дистанционного управления
26.51.3;"Весы точные; инструменты для черчения, расчетов, приборы для измерения линейных размеров и т.п."
26.51.31;Весы чувствительностью 0,05 г или выше
26.51.31.000;Весы чувствительностью 0,05 г или выше
26.51.32;Столы, машины чертежные и прочие инструменты для черчения, разметки или математических расчетов
26.51.32.110;Столы чертежные
26.51.32.120;Машины чертежные
26.51.32.190;Инструменты для черчения, разметки или математических расчетов прочие
26.51.33;Приборы для измерения линейных размеров ручные (включая микрометры и штангенциркули), не включенные в другие группировки
26.51.33.110;Калибры
26.51.33.120;Штангенинструмент
26.51.33.121;Штангенциркули
26.51.33.122;Штангенрейсмасы
26.51.33.123;Штангенглубиномеры
26.51.33.129;Штангенинструмент прочий
26.51.33.130;Инструмент микрометрический (микрометры)
26.51.33.131;Микрометры
26.51.33.132;Вставки к микрометрам
26.51.33.133;Глубиномеры микрометрические
26.51.33.134;Нутромеры микрометрические
26.51.33.135;Стойки универсальные для микрометров
26.51.33.136;Головки микрометрические
26.51.33.140;Инструмент для контроля прямолинейности, плоскостности и перпендикулярности
26.51.33.141;Линейки
26.51.33.142;Плиты поверочные и разметочные
26.51.33.143;Угольники поверочные
26.51.33.144;Призмы поверочные и разметочные
26.51.33.190;Инструмент измерительный прочий
26.51.33.191;Шаблоны
26.51.33.192;Щупы
26.51.33.199;Инструмент измерительный прочий, не включенный в другие группировки
26.51.4;Приборы для измерения электрических величин или ионизирующих излучений
26.51.41;Приборы и аппаратура для измерения или обнаружения ионизирующих излучений
26.51.41.110;Приборы, установки, системы дозиметрические
26.51.41.120;Приборы, установки, системы радиометрические
26.51.41.130;Приборы, установки, системы спектрометрические
26.51.41.140;Приборы, установки, системы комбинированные
26.51.41.150;Приборы радиоизотопные
26.51.41.151;Приборы радиоизотопные для измерения и контроля безразмерных величин, линейных размеров и углов, применяемые в области использования атомной энергии
26.51.41.152;Приборы радиоизотопные для измерения и контроля механических величин (динамика и кинематика), применяемые в области использования атомной энергии
26.51.41.153;Приборы радиоизотопные для измерения и контроля физических величин (молекулярная физика, теплота, оптика, электричество, магнетизм), применяемые в области использования атомной энергии
26.51.41.154;Приборы радиоизотопные для измерения и контроля физико-химических величин, применяемые в области использования атомной энергии
26.51.41.155;Приборы радиоизотопные для измерения и контроля химических параметров, применяемые в области использования атомной энергии
26.51.41.156;Приборы радиоизотопные универсальные, применяемые в области использования атомной энергии
26.51.41.157;Аппаратура радиоизотопная контрольно-поверочная, приспособления и принадлежности к аппаратам, применяемые в области использования атомной энергии
26.51.41.158;Приборы радиоизотопные, применяемые в области использования атомной энергии, прочие, не включенные в другие группировки
26.51.41.160;Детекторы ионизирующих излучений
26.51.41.161;Детекторы ионизационные, кроме газоразрядных счетчиков
26.51.41.162;Детекторы ионизирующих излучений радиолюминесцентные
26.51.41.163;Детекторы ионизирующих излучений Черенкова
26.51.41.164;Детекторы ионизирующих излучений химические
26.51.41.165;Детекторы ионизирующих излучений зарядовые
26.51.41.166;Детекторы ионизирующих излучений калориметрические
26.51.41.167;Детекторы ионизирующих излучений радиодефекционные
26.51.41.168;Детекторы ионизирующих излучений сцинтилляционные
26.51.41.169;Детекторы ионизирующих излучений прочие
26.51.41.170;Приборы ядерные аналитические
26.51.41.171;Приборы для активационного анализа
26.51.41.172;Приборы рентгенорадиометрические
26.51.41.173;Приборы для радиометрического анализа
26.51.41.174;Приборы для абсорбционного анализа
26.51.41.175;Приборы для анализа по рассеянному излучению
26.51.41.176;Установки масс-спектрометрические технологические
26.51.41.179;Приборы ядерные аналитические прочие, не включенные в другие группировки
26.51.41.190;Приборы и аппаратура для измерения или обнаружения ионизирующих излучений прочие
26.51.42;Осциллоскопы и осциллографы электронно-лучевые
26.51.42.110;Осциллоскопы электронно-лучевые
26.51.42.120;Осциллографы электронно-лучевые
26.51.43;Приборы для измерения электрических величин без записывающего устройства
26.51.43.110;Приборы цифровые электроизмерительные
26.51.43.111;Амперметры цифровые
26.51.43.112;Вольтметры цифровые
26.51.43.113;Омметры цифровые
26.51.43.114;Измерители отношений цифровые
26.51.43.115;Измерители частоты и временных интервалов цифровые
26.51.43.116;Приборы цифровые электроизмерительные комбинированные
26.51.43.117;Преобразователи измерительные унифицирующие аналого-цифровые и цифро-аналоговые
26.51.43.119;Приборы цифровые электроизмерительные прочие
26.51.43.120;Системы информационные электроизмерительные, комплексы измерительно-вычислительные и установки для измерения электрических и магнитных величин
26.51.43.130;Приборы электроизмерительные щитовые аналоговые
26.51.43.131;Амперметры щитовые аналоговые
26.51.43.132;Вольтметры щитовые аналоговые
26.51.43.133;Омметры щитовые аналоговые
26.51.43.134;Ваттметры и варметры щитовые аналоговые
26.51.43.135;Частотомеры, фазометры и синхроноскопы щитовые аналоговые
26.51.43.136;Приборы электроизмерительные щитовые аналоговые, комбинированные
26.51.43.137;Указатели, измерители и индикаторы щитовые аналоговые
26.51.43.139;Приборы электроизмерительные щитовые аналоговые прочие
26.51.43.140;Приборы электроизмерительные лабораторные аналоговые
26.51.43.141;Амперметры лабораторные аналоговые
26.51.43.142;Вольтметры лабораторные аналоговые
26.51.43.143;Омметры, фарадметры и генриметры лабораторные аналоговые
26.51.43.144;Ваттметры и варметры лабораторные аналоговые
26.51.43.145;Частотомеры, фазометры и синхроноскопы лабораторные аналоговые
26.51.43.146;Приборы электроизмерительные лабораторные аналоговые комбинированные
26.51.43.149;Приборы электроизмерительные лабораторные аналоговые прочие
26.51.43.150;Меры и приборы образцовые электрических и магнитных величин
26.51.44;Приборы и аппаратура для телекоммуникаций
26.51.44.000;Приборы и аппаратура для телекоммуникаций
26.51.45;Приборы и аппаратура для измерения или контроля электрических величин, не включенные в другие группировки
26.51.45.110;Приборы электроизмерительные регистрирующие
26.51.45.111;Амперметры самопишущие
26.51.45.112;Вольтметры самопишущие
26.51.45.113;Приборы с логометрической измерительной схемой (вторичные) самопишущие
26.51.45.114;Ваттметры и варметры самопишущие
26.51.45.115;Частотомеры, фазометры и синхроноскопы самопишущие
26.51.45.116;Приборы комбинированные электроизмерительные самопишущие
26.51.45.119;Приборы электроизмерительные регистрирующие прочие
26.51.45.190;Приборы и аппаратура для измерения или контроля электрических величин прочие, не включенные в другие группировки
26.51.5;Приборы для контроля прочих физических величин
26.51.51;Гидрометры, термометры, пирометры, барометры, гигрометры и психрометры
26.51.51.110;Термометры
26.51.51.120;Пирометры
26.51.51.130;Барометры
26.51.51.140;Гигрометры
26.51.51.150;Психрометры
26.51.52;Приборы для измерения или контроля расхода, уровня, давления или прочих переменных характеристик жидкостей и газов
26.51.52.110;Приборы для измерения или контроля расхода жидкостей и газов
26.51.52.120;Приборы для измерения или контроля уровня жидкостей и газов
26.51.52.130;Приборы для измерения или контроля давления жидкостей и газов
26.51.52.190;Приборы для измерения или контроля прочих переменных характеристик жидкостей и газов
26.51.53;Приборы и аппаратура для физического или химического анализа, не включенные в другие группировки
26.51.53.110;Газоанализаторы или дымоанализаторы
26.51.53.120;Анализаторы жидкостей
26.51.53.130;Анализаторы аэрозолей, твердых и сыпучих веществ
26.51.53.140;Приборы универсальные для определения состава и физико-химических свойств газов, жидкостей и твердых веществ
26.51.53.141;Анализаторы для диагностики in vitro
26.51.53.149;Приборы универсальные для определения состава и физико-химических свойств газов, жидкостей и твердых веществ прочие
26.51.53.150;Приборы и аппаратура для спектрального анализа, основанные на действии оптического излучения (ультрафиолетового, видимой части спектра, инфракрасного)
26.51.53.160;Экспонометры и прочие приборы для измерения или контроля количества тепла, звука или света
26.51.53.170;Приборы и установки радиационные диагностические
26.51.53.171;Дефектоскопы радиационные с получением информации из объема
26.51.53.172;Аппараты универсальные радиационные
26.51.53.180;Устройства, блоки и узлы электронно-физические функциональные ядерные и радиоизотопные
26.51.53.181;Устройства, блоки и узлы электронно-физические функциональные преобразовательные ядерные и радиоизотопные
26.51.53.182;Устройства, блоки и узлы электронно-физические функциональные обработки информации ядерные и радиоизотопные
26.51.53.183;Устройства, блоки и узлы электронно-физические функциональные управляющие и контроля ядерные и радиоизотопные
26.51.53.184;Устройства, блоки и узлы электронно-физические функциональные вспомогательные ядерные и радиоизотопные
26.51.53.185;Устройства, блоки и узлы детектирования для преобразования информации ядерные и радиоизотопные
26.51.53.186;Стенды, установки технологические для наладки аппаратуры ядерной и радиоизотопной
26.51.53.190;Приборы и аппаратура для физического или химического анализа прочие, не включенные в другие группировки
26.51.6;Инструменты и приборы прочие для измерения, контроля и испытаний
26.51.61;Микроскопы (кроме оптических микроскопов) и дифракционные аппараты
26.51.61.110;Микроскопы (кроме микроскопов оптических)
26.51.61.120;Аппараты дифракционные
26.51.62;Машины и приборы для испытания механических свойств материалов
26.51.62.110;Машины и приборы для испытания металлов
26.51.62.120;Машины и приборы для испытания строительных материалов
26.51.62.130;Машины и приборы для испытания текстильных материалов
26.51.62.140;Машины и приборы для испытания полимерных материалов
26.51.62.150;Машины и приборы для испытания бумаги и картона
26.51.62.160;Машины и приборы для испытания формовочных материалов и огнеупоров
26.51.62.190;Машины и приборы для испытания прочих материалов и конструкций
26.51.63;Счетчики потребления или производства газа, жидкости или электроэнергии
26.51.63.110;Счетчики производства или потребления газа
26.51.63.120;Счетчики производства или потребления жидкости
26.51.63.130;Счетчики производства или потребления электроэнергии
26.51.64;"Счетчики числа оборотов и счетчики количества продукции; таксометры, спидометры и тахометры; стробоскопы"
26.51.64.110;Счетчики числа оборотов
26.51.64.120;Счетчики количества продукции
26.51.64.130;Таксометры
26.51.64.140;Спидометры
26.51.64.150;Тахометры
26.51.64.160;Стробоскопы
26.51.64.170;Скоростемеры
26.51.64.190;Приборы для измерения параметров движения и количества прочие
26.51.65;Приборы и аппаратура для автоматического регулирования или управления, гидравлические или пневматические
26.51.65.000;Приборы и аппаратура для автоматического регулирования или управления, гидравлические или пневматические
26.51.66;Инструменты, приборы и машины для измерения или контроля, не включенные в другие группировки
26.51.66.110;Приборы для измерения усилий и деформаций
26.51.66.111;Динамометры общего назначения
26.51.66.112;Динамометры и силоизмерительные машины образцовые
26.51.66.113;Приборы для определения моментов
26.51.66.114;Приборы для измерения деформации
26.51.66.115;Датчики силы и деформации
26.51.66.119;Машины и приборы для измерения усилий и деформаций прочие
26.51.66.120;Приборы неразрушающего контроля качества материалов и изделий
26.51.66.121;Приборы акустического неразрушающего контроля
26.51.66.122;Приборы капиллярного неразрушающего контроля
26.51.66.123;Приборы магнитного неразрушающего контроля
26.51.66.124;Приборы оптического и теплового неразрушающего контроля
26.51.66.125;Приборы радиационного неразрушающего контроля
26.51.66.126;Приборы радиоволнового неразрушающего контроля
26.51.66.127;Приборы электромагнитного (вихревых токов) и электрического неразрушающего контроля
26.51.66.129;Приборы неразрушающего контроля прочие
26.51.66.130;Приборы виброметрии
26.51.66.131;Аппаратура общего назначения для определения основных параметров вибрационных процессов
26.51.66.132;Аппаратура для балансировки вращающихся частей машин в собственных подшипниках
26.51.66.133;Аппаратура контрольно-сигнальная для автоматической защиты агрегатов от опасных вибраций
26.51.66.134;Вибростенды для испытания изделий и тарировки виброизмерительных приборов и аппаратуры
26.51.66.135;Аппаратура виброизмерительная специальная
26.51.66.140;Средства автоматизации и механизации контроля размеров
26.51.66.190;Инструменты, приборы и машины для измерения или контроля прочие, не включенные в другие группировки
26.51.7;Термостаты, стабилизаторы давления и прочие приборы и аппаратура для автоматического регулирования или управления
26.51.70;Термостаты, стабилизаторы давления и прочие приборы и аппаратура для автоматического регулирования или управления
26.51.70.110;Термостаты
26.51.70.120;Стабилизаторы давления
26.51.70.190;Приборы автоматические регулирующие и контрольно-измерительные прочие
26.51.8;Части и принадлежности оборудования для измерения, испытаний и навигации
26.51.81;Части и принадлежности аппаратуры радиолокационной, радионавигационной и радиоаппаратуры дистанционного управления
26.51.81.000;Части и принадлежности аппаратуры радиолокационной, радионавигационной и радиоаппаратуры дистанционного управления
26.51.82;"Части и принадлежности изделий, отнесенных к группировкам 26.51.12, 26.51.32, 26.51.33, 26.51.4 и 26.51.5; микротомы; части, не включенные в другие группировки"
26.51.82.110;"Комплектующие (запасные части) дальномеров, теодолитов и тахиметров (тахеометров); геодезических, гидрографических, океанографических, гидрологических, метеорологических или геофизических инструментов и прочих приборов, не имеющие самостоятельных группировок"
26.51.82.120;Комплектующие (запасные части) чертежных столов, машин и прочих инструментов для черчения, разметки или математических расчетов, не имеющие самостоятельных группировок
26.51.82.130;Комплектующие (запасные части) ручных приборов для измерения линейных размеров, не имеющие самостоятельных группировок
26.51.82.140;Комплектующие (запасные части) приборов для измерения электрических величин и ионизирующих излучений, не имеющие самостоятельных группировок
26.51.82.150;Комплектующие (запасные части) машин и приборов для испытания механических свойств материалов, не имеющие самостоятельных группировок
26.51.82.160;Микротомы
26.51.82.170;Узлы функциональные и запасные части, инструменты и принадлежности приборов ядерных аналитических
26.51.82.180;Изделия комплектующие, запасные части, инструменты и принадлежности приборов и установок радиационных диагностических, аппаратуры ядерной и радиоизотопной
26.51.82.181;Принадлежности к аппаратам радиационным диагностическим
26.51.82.182;Изделия комплектующие, запасные части, инструменты и принадлежности приборов и установок радиационных диагностических
26.51.82.183;Запасные части измерительных приборов, устройства, блоки, узлы вспомогательные электронные и механические аппаратуры ядерной и радиоизотопной
26.51.82.190;Комплектующие (запасные части), не включенные в другие группировки, не имеющие самостоятельных группировок
26.51.83;Части и принадлежности микроскопов (кроме оптических микроскопов) и дифракционных аппаратов
26.51.83.110;Комплектующие (запасные части) микроскопов (кроме оптических), не имеющие самостоятельных группировок
26.51.83.120;Комплектующие (запасные части) дифракционной аппаратуры, не имеющие самостоятельных группировок
26.51.84;Части и принадлежности изделий, отнесенных к группировкам 26.51.63 и 26.51.64
26.51.84.110;Комплектующие (запасные части) счетчиков производства или потребления газа, жидкости или электроэнергии, не имеющие самостоятельных группировок
26.51.84.120;"Комплектующие (запасные части) счетчиков числа оборотов и счетчиков количества продукции; таксометров, спидометров и тахометров; стробоскопов, не имеющие самостоятельных группировок"
26.51.85;Части и принадлежности инструментов и аппаратов, отнесенных к группировкам 26.51.65, 26.51.66 и 26.51.70
26.51.85.110;Комплектующие (запасные части) приборов и устройств контрольно-измерительные автоматических, гидравлических и пневматических, не имеющие самостоятельных группировок
26.51.85.120;Комплектующие (запасные части) приборов, устройств и машин контрольно-измерительных, не включенные в другие группировки, не имеющие самостоятельных группировок
26.51.85.130;Комплектующие (запасные части) термостатов, стабилизаторов давления и приборов автоматических регулирующих и контрольно-измерительных прочих, не имеющие самостоятельных группировок
26.51.86;Части и принадлежности инструментов и аппаратов, отнесенных к группировкам 26.51.11 и 26.51.62
26.51.86.110;"Комплектующие (запасные части) компасы для определения направления; приборов и инструментов навигационных прочих, не имеющие самостоятельных группировок"
26.51.86.120;Комплектующие (запасные части) машин и приборов для испытания механических свойств материалов, не имеющие самостоятельных группировок
26.51.9;Услуги по производству оборудования для измерения, испытаний и навигации отдельные, выполняемые субподрядчиком
26.51.99;Услуги по производству оборудования для измерения, испытаний и навигации отдельные, выполняемые субподрядчиком
26.51.99.110;Услуги по производству приборов и аппаратуры для измерения или обнаружения ионизирующих излучений
26.51.99.120;Услуги по изготовлению приборов и установок радиационных диагностических отдельные, выполняемые субподрядчиком
26.51.99.130;Услуги по производству устройств, блоков и узлов электронно-физических функциональных ядерных и радиоизотопных отдельные, выполняемые субподрядчиком
26.51.99.190;Услуги по производству оборудования для измерения, испытаний и навигации отдельные прочие, выполняемые субподрядчиком
26.52;Часы всех видов
26.52.1;Часы всех видов, кроме часовых механизмов и частей
26.52.11;Часы наручные и карманные с корпусом из драгоценного металла или металла, плакированного драгоценным металлом
26.52.11.110;Часы наручные и карманные механические с корпусом из драгоценного металла или металла, плакированного драгоценным металлом
26.52.11.120;Часы наручные и карманные электронно-механические с корпусом из драгоценного металла или металла, плакированного драгоценным металлом
26.52.11.130;Часы наручные и карманные электронные с корпусом из драгоценного металла или металла, плакированного драгоценным металлом
26.52.12;Часы прочие, предназначенные для ношения на себе или с собой, включая секундомеры
26.52.12.110;Часы наручные и карманные механические прочие
26.52.12.120;Часы наручные и карманные электронно-механические прочие
26.52.12.130;Часы наручные и карманные электронные прочие
26.52.12.140;Секундомеры
26.52.13;Часы, устанавливаемые на приборных панелях, и аналогичные часы для транспортных средств
26.52.13.110;Часы, устанавливаемые на приборных панелях
26.52.13.120;Часы аналогичные для транспортных средств
26.52.14;"Часы, не предназначенные для ношения на себе или с собой, с часовым механизмом для часов, предназначенных для ношения на себе или с собой; будильники и настенные часы; часы прочие"
26.52.14.000;"Часы, не предназначенные для ношения на себе или с собой, с часовым механизмом для часов, предназначенных для ношения на себе или с собой; будильники и настенные часы; часы прочие"
26.52.2;Механизмы часовые и части часов всех видов
26.52.21;Механизмы часовые, укомплектованные и собранные для часов, предназначенных для ношения на себе или с собой
26.52.21.000;Механизмы часовые, укомплектованные и собранные для часов, предназначенных для ношения на себе или с собой
26.52.22;Механизмы часовые, укомплектованные и собранные для часов, не предназначенных для ношения на себе или с собой
26.52.22.000;Механизмы часовые, укомплектованные и собранные для часов, не предназначенных для ношения на себе или с собой
26.52.23;"Механизмы часовые, укомплектованные, несобранные или частично собранные для часов, предназначенных для ношения на себе или с собой; неукомплектованные часовые механизмы, собранные для часов, предназначенных для ношения на себе или с собой"
26.52.23.000;"Механизмы часовые, укомплектованные, несобранные или частично собранные для часов, предназначенных для ношения на себе или с собой; неукомплектованные часовые механизмы, собранные для часов, предназначенных для ношения на себе или с собой"
26.52.24;Механизмы часовые, предварительно грубо собранные для часов, предназначенных для ношения на себе или с собой
26.52.24.000;Механизмы часовые, предварительно грубо собранные для часов, предназначенных для ношения на себе или с собой
26.52.25;Механизмы часовые, укомплектованные несобранные, неукомплектованные и предварительно грубо собранные для часов, не предназначенных для ношения на себе или с собой
26.52.25.000;Механизмы часовые, укомплектованные несобранные, неукомплектованные и предварительно грубо собранные для часов, не предназначенных для ношения на себе или с собой
26.52.26;Корпуса часов всех видов и их части
26.52.26.000;Корпуса часов всех видов и их части
26.52.27;Части часов всех видов прочие
26.52.27.000;Части часов всех видов прочие
26.52.28;"Регистраторы времени, устройства записи времени, счетчики времени парковки; временные переключатели с часовым механизмом всех видов"
26.52.28.110;Регистраторы времени
26.52.28.120;Устройства записи времени
26.52.28.130;Счетчики времени парковки
26.52.28.140;Переключатели временные с часовым механизмом всех видов
26.52.9;Услуги по производству часов всех видов отдельные, выполняемые субподрядчиком
26.52.99;Услуги по производству часов всех видов отдельные, выполняемые субподрядчиком
26.52.99.000;Услуги по производству часов всех видов отдельные, выполняемые субподрядчиком
58.29.11;"Системы операционные на электронном носителе. Эта группировка включает: программное обеспечение начального уровня, обеспечивающее взаимодействие с периферийным аппаратным оборудованием, планирование заданий, распределение памяти и интерфейс пользователя по умолчанию, когда не запущено ни одной прикладной программы. Включены все операционные системы потребителей и сети
"
58.29.11.000;Системы операционные на электронном носителе
58.29.12;Обеспечение программное сетевое на электронном носителе. Эта группировка включает: программное обеспечение, используемое для интегрированного и координированного контроля, наблюдения, управления и информационного взаимодействия с операционными системами, сетями, сетевыми службами, базами данных, приложениями хранения данных и сетевыми приложениями во всей сети с централизованного местоположения. Включено все программное обеспечение управления сетью, программное обеспечение серверов, программное обеспечение системы безопасности и программное обеспечение для шифрования данных, промежуточное программное обеспечение и т.д.
58.29.12.000;Обеспечение программное сетевое на электронном носителе
58.29.13;"Обеспечение программное для администрирования баз данных на электронном носителе
Эта группировка включает: подборку/пакет программ системы программного обеспечения, предоставляющих возможность для хранения, изменения и извлечения информации из базы данных. Существует много различных типов программного обеспечения для администрирования баз данных - от небольших систем, используемых в компьютерах, до огромных систем, используемых в универсальных вычислительных машинах. Обеспечение программное для администрирования баз данных на электронном носителе
"
58.29.13.000;Обеспечение программное для администрирования баз данных на электронном носителе
58.29.14;"Средства разработки инструментальные и программное обеспечение языков программирования на электронном носителеСредства разработки инструментальные и программное обеспечение языков программирования на электронном носителе
Эта группировка включает:
- программное обеспечение, используемое как средство поддержки для разработки и/или создания компьютерных программ;
- продукты программного обеспечения для поддержки профессионального разработчика при проектировании, разработке и внедрении различных систем программного обеспечения и программных решений
"
58.29.14.000;Средства разработки инструментальные и программное обеспечение языков программирования на электронном носителе
58.29.21;"Приложения общие для повышения эффективности бизнеса и приложения для домашнего пользования, отдельно реализуемые
Эта группировка включает:
- программное обеспечение, используемое для общих целей деловой активности для улучшения продуктивности или на дому в целях развлечения, справки или образования
Включены пакеты офисных прикладных программ, таких как программы редактирования текстов, программы табличных расчетов, простые базы данных; прикладные программы работы с графикой; программное обеспечение для управления проектами, компьютерное программное обеспечение для обучения, справки, образования на дому и т.п.
"
58.29.21.000;Приложения общие для повышения эффективности бизнеса и приложения для домашнего пользования, отдельно реализуемые
58.29.29;"Обеспечение программное прикладное прочее на электронном носителе
Эта группировка также включает:
- прикладное программное обеспечение для вертикального рынка, т.е. программное обеспечение, выполняющее самые разнообразные производственные функции для определенной отрасли, например обрабатывающей промышленности, розничной торговли, здравоохранения, проектирования и строительства, ресторанного дела и т.д.;
- служебное программное обеспечение, т.е. небольшие компьютерные программы, выполняющие конкретное задание, такие как программы уплотнения файлов, программы защиты от вирусов, поисковые системы, программы по установке шрифта, программы просмотра файлов, программное обеспечение для распознавания голоса или речи (служебное программное обеспечение отличается от другого прикладного программного обеспечения размером, ценой и уровнем сложности);
- прикладное программное обеспечение, не включенное в другие группировки
"
58.29.29.000;Обеспечение программное прикладное прочее на электронном носителе
61.10.3;Услуги по передаче данных по проводным телекоммуникационным сетям
61.10.30;"Услуги по передаче данных по проводным телекоммуникационным сетям
Эта группировка включает:
- предоставление доступа к сети передачи данных и услугам, специально предназначенным для эффективной передачи данных на основе системы оплаты по мере пользования
Эта группировка не включает:
- предоставление проводных телекоммуникационных линий между конкретными пунктами для исключительного пользования клиентом, см. 61.10.13"
61.10.30.110;Услуги по передаче данных для целей передачи голосовой информации (IP-телефония)
61.10.30.120;Услуги документальной электросвязи
61.10.30.190;Услуги по передаче данных по проводным телекоммуникационным сетям прочие
61.10.4;Услуги телекоммуникационные проводные в информационно-коммуникационной сети Интернет
61.10.41;"Услуги магистральные по информационно-коммуникационной сети Интернет
Эта группировка включает:
- предоставление услуг по передаче сообщений через информационно-коммуникационную сеть Интернет одним поставщиком услуг в информационно-коммуникационную сеть Интернет другому (обычно называемые в промышленности как равноуровневые и транзитные сборы);
- обеспечение удаленного доступа или прочего вида доступа к информационно-коммуникационной сети Интернет и расширенный пакет услуг, таких как международный роуминг и дополнительные ящики для электронной почты, которые обычно оказываются пользователям за дополнительную плату
"
61.10.41.000;Услуги магистральные по информационно-коммуникационной сети Интернет
61.10.42;"Услуги по узкополосному доступу к информационно-коммуникационной сети Интернет по проводным сетям
Эта группировка включает:
- обеспечение прямого проводного подключения к информационно-коммуникационной сети Интернет на скорости до 256 Кбит/с
Поставщик услуг информационно-коммуникационной сети Интернет может также одновременно с предоставлением доступа к информационно-коммуникационной сети Интернет оказывать бесплатные услуги, такие как электронная почта, предоставление места для web-страницы пользователя, средства для разработки простой web-страницы, чат и техническая поддержка. Эта услуга также может включать: обеспечение удаленного доступа или прочего вида доступа к информационно-коммуникационной сети Интернет и расширенный пакет услуг, таких как международный роуминг и дополнительные ящики для электронной почты, которые обычно оказываются пользователям за дополнительную плату"
61.10.42.000;Услуги по узкополосному доступу к информационно-коммуникационной сети Интернет по проводным сетям
61.10.43;"Услуги по широкополосному доступу к информационно-коммуникационной сети Интернет по проводным сетям
Эта группировка включает:
- обеспечение прямого проводного подключения к информационно-коммуникационной сети Интернет на скорости 256 Кбит/с и больше
Поставщик услуг информационно-коммуникационной сети Интернет может также одновременно с предоставлением доступа к информационно-коммуникационной сети Интернет оказывать бесплатные услуги, такие как электронная почта, предоставление места для web-страницы пользователя, средства для разработки простой web-страницы, чат и техническая поддержка"
61.10.43.000;Услуги по широкополосному доступу к информационно-коммуникационной сети Интернет по проводным сетям
61.10.49;"Услуги телекоммуникационные проводные в информационно-коммуникационной сети Интернет прочие
Эта группировка включает:
- предоставление проводных телекоммуникационных услуг через информационно-коммуникационную сеть Интернет, помимо доступа к информационно-коммуникационной сети Интернет;
- услуги, такие как связь по факсимильному аппарату, телефону, конференц-связь по телефону и видеоканалу через информационно-коммуникационную сеть Интернет"
61.10.49.000;Услуги телекоммуникационные проводные в информационно-коммуникационной сети Интернет прочие
61.20.3;Услуги по передаче данных по беспроводным телекоммуникационным сетям
61.20.30;"Услуги по передаче данных по беспроводным телекоммуникационным сетям
Эта группировка включает:
- предоставление доступа к беспроводным средствам и услугам, специально предназначенным для эффективной передачи данных на основе системы оплаты по мере пользования.
Также может включать обеспечение удаленного доступа или прочего вида доступа к информационно-коммуникационной сети Интернет и расширенный пакет услуг, таких как международный роуминг и дополнительные ящики для электронной почты, которые обычно оказываются пользователям за дополнительную плату
Эта группировка не включает:
- предоставление беспроводных телекоммуникационных линий между конкретными пунктами для исключительного пользования клиентом, см. 61.20.13
"
61.20.30.110;Услуги подвижной связи для целей передачи голоса
61.20.30.120;Услуги по передаче данных по беспроводным телекоммуникационным сетям
61.20.4;Услуги телекоммуникационные беспроводные в информационно-коммуникационной сети Интернет
61.20.41;"Услуги по узкополосному доступу к информационно-коммуникационной сети Интернет по беспроводным сетямУслуги по узкополосному доступу к информационно-коммуникационной сети Интернет по беспроводным сетям
Эта группировка включает:
- обеспечение прямого беспроводного подключения к информационно-коммуникационной сети Интернет на скорости до 256 Кбит/с
Поставщик услуг информационно-коммуникационной Интернет может также одновременно с предоставлением доступа к информационно-коммуникационной сети Интернет оказывать бесплатные услуги, такие как электронная почта, предоставление места для web-страницы пользователя, средства для разработки простой web-страницы, чат и техническая поддержка
"
61.20.41.000;Услуги по узкополосному доступу к информационно-коммуникационной сети Интернет по беспроводным сетям
61.20.42;"Услуги по широкополосному доступу к информационно-коммуникационной сети Интернет по беспроводным сетям
Эта группировка включает:
- обеспечение прямого беспроводного подключения к информационно-коммуникационной сети Интернет на скорости 256 Кбит/с и больше
Поставщик услуг информационно-коммуникационной сети Интернет может также одновременно с предоставлением доступа к информационно-коммуникационной сети Интернет оказывать бесплатные услуги, такие как электронная почта, предоставление места для web-страницы пользователя, средства для разработки простой web-страницы, чат и техническая поддержка, также может включать обеспечение удаленного доступа или прочего вида доступа к информационно-коммуникационной сети Интернет и расширенный пакет услуг, таких как международный роуминг и дополнительные ящики для электронной почты, которые обычно оказываются пользователям за дополнительную плату"
61.20.42.000;Услуги по широкополосному доступу к информационно-коммуникационной сети Интернет по беспроводным сетям
61.20.49;"Услуги телекоммуникационные беспроводные прочие в информационно-коммуникационной сети Интернет
Эта группировка включает:
- предоставление беспроводных телекоммуникационных услуг через информационно-коммуникационную сеть Интернет, помимо доступа к информационно-коммуникационной сети Интернет;
- услуги, такие как связь по факсимильному аппарату, телефону, конференц-связь по телефону и видеоканалу через информационно-коммуникационную сеть Интернет"
61.20.49.000;Услуги телекоммуникационные беспроводные прочие в информационно-коммуникационной сети Интернет
61.90.10;"Услуги телекоммуникационные прочие
Эта группировка включает:
- предоставление специализированных телекоммуникационных приложений, таких как спутниковый трекинг, коммуникационная телеметрия и эксплуатация радиолокационных станций;
- управление спутниковыми терминалами и сопутствующим оборудованием, связанным операционным образом с одной или более наземными коммуникационными системами и способным передавать и получать данные от спутниковых систем;
- предоставление доступа к информационно-коммуникационной сети Интернет через сети, установленные между клиентом и провайдером услуг информационно-коммуникационной сети Интернет, не принадлежащие провайдеру услуг информационно-коммуникационной сети Интернет или не находящиеся под его контролем, такие как доступ к информационно-коммуникационной сети Интернет по телефонной линии и т.д.;
- предоставление телефонной связи и доступа к информационно-коммуникационной сети Интернет в общественных зданиях;
- предоставление телекоммуникационных услуг посредством существующих телекоммуникационных соединений: VoIP-передача голоса по протоколу IP;
- предоставление возможности пользоваться пропускной способностью сети, не предоставляя дополнительных услуг;
- предоставление телекоммуникационных услуг, не включенных в другие группировки, таких как услуги телеграфа, телекса и конференц-связи по телефонному каналу"
61.90.10.110;Услуги по предоставлению специализированных телекоммуникационных приложений, таких как спутниковый трекинг, коммуникационная телеметрия и эксплуатация радиолокационных станций
61.90.10.120;Услуги по управлению спутниковыми терминалами и сопутствующим оборудованием, связанным операционным образом с одной или более наземными коммуникационными системами и способным передавать и получать данные от спутниковых систем
61.90.10.130;Услуги по предоставлению доступа к информационно-коммуникационной сети Интернет через сети, установленные между клиентом и провайдером услуг информационно-коммуникационной сети Интернет, не принадлежащие провайдеру услуг информационно-коммуникационной сети Интернет или не находящиеся под его контролем, такие как доступ к информационно-коммуникационной сети Интернет по телефонной линии и т.д.
61.90.10.140;Услуги по предоставлению телефонной связи и доступа к информационно-коммуникационной сети Интернет в общественных зданиях
61.90.10.150;Услуги телекоммуникационные посредством существующих телекоммуникационных соединений
61.90.10.160;Услуги связи по предоставлению каналов связи
61.90.10.190;Услуги телекоммуникационные прочие, не включенные в другие группировки
61.90.10.191;Услуги телеграфной связи
61.90.10.192;Услуги факсимильной связи
61.90.10.193;Услуги конференц-связи по телефонному каналу
62;"Продукты программные и услуги по разработке программного обеспечения; консультационные и аналогичные услуги в области информационных технологий"
62.0;"Продукты программные и услуги по разработке программного обеспечения; консультационные и аналогичные услуги в области информационных технологий"
62.01;Продукты программные и услуги по разработке и тестированию программного обеспечения
62.01.1;Услуги по проектированию, разработке информационных технологий для прикладных задач и тестированию программного обеспечения
62.01.11;"Услуги по проектированию, разработке информационных технологий для прикладных задач и тестированию программного обеспечения
Эта группировка включает:
- услуги по разработке структуры и/или написанию системы команд, включая обновления и исправления, необходимые для создания и/или реализации приложения, такие как: разработка структуры и содержания web-сайтов и/или написание системы команд, необходимых для создания и внедрения web-сайтов, разработка структуры и содержания баз данных и/или написание системы команд, необходимых для создания и внедрения баз данных (хранилищ данных);
- разработка структуры и написание системы команд, необходимых для проектирования и разработки прикладных программ, кроме программирования для разработки web-сайтов, баз данных или интеграции пакетов программного обеспечения;
- индивидуализация и интеграция, настройка (модификация, конфигурация и т.п.) и внедрение существующего приложения таким образом, чтобы оно функционировало бы в рамках информационной системы клиента;
- тестирование программного обеспечения
Эта группировка не включает:
- услуги, осуществляемые по договору, согласно которому проектирование и разработка web-сайта связаны с его размещением, см. 63.11.13;
- услуги, осуществляемые по договору, согласно которому проектирование и разработка приложения связаны с его размещением и управлением на постоянной основе, см. 63.11.19;
- услуги, осуществляемые по договору, согласно которому проектирование и разработка базы данных связаны с постоянным управлением хранимыми данными, см. 63.11.19"
62.01.11.000;Услуги по проектированию и разработке информационных технологий для прикладных задач и тестированию программного обеспечения
62.01.12;"Услуги по проектированию и разработке информационных технологий для сетей и систем
Эта группировка включает:
- проектирование, разработку и внедрение сетей клиента, таких как внутрикорпоративные сети, экстрасети и виртуальные частные сети;
- услуги по проектированию и разработке средств безопасности сети, т.е. проектированию, разработке и внедрению программного обеспечения, аппаратного оборудования и процедур для контроля доступа к данным и программам и для предоставления возможности для безопасного обмена информацией по сети
Эта группировка не включает:
- услуги, осуществляемые по договору, согласно которому данная услуга связана с оперативным управлением сети клиента, см. 62.03.12
"
62.01.12.000;Услуги по проектированию и разработке информационных технологий для сетей и систем
62.01.2;"Оригиналы программного обеспечения
Эта группировка включает:
- интеллектуальную собственность, охраняемую авторским правом, произведенную без контракта на продажу с безотлагательным расчетом наличными (т.е. со всеми сопутствующими имущественными правами);
- интеллектуальную собственность, предназначенную для продажи и косвенно или открыто охраняемую авторским правом (например, компьютерное программное обеспечение)
Эта группировка не включает:
- программное обеспечение, произведенное по договору для третьих сторон, см. 62.01.11;
- услуги по оптовой и розничной торговле программным обеспечением, см. 46.14.11, 46.51.10, 47.00.31
"
62.01.21;Оригиналы программного обеспечения компьютерных игр
62.01.21.000;Оригиналы программного обеспечения компьютерных игр
62.01.29;Оригиналы программного обеспечения прочие
62.01.29.000;Оригиналы программного обеспечения прочие
62.02;"Услуги консультативные, связанные с компьютерной техникой
Эта группировка не включает:
- услуги, осуществляемые по договору, согласно которому консультативные услуги связаны с проектированием и разработкой решения в области информационных технологий (web-сайта, базы данных, конкретного приложения, сети и т.д.), см. услуги по проектированию и разработке соответствующей информационной технологии в группировке 62.01.1;
- консультирование по вопросам, связанным со стратегией бизнеса, например консультирование по разработке стратегии электронной торговли, см. 70.22.11
"
62.02.1;Услуги консультативные по компьютерному оборудованию
62.02.10;"Услуги консультативные по компьютерному оборудованию
Эта группировка включает:
- предоставление консультативных услуг или экспертного заключения по вопросам информационных технологий, связанным с компьютерным оборудованием, например консультативных услуг по таким вопросам, как требования к аппаратному оборудованию и закупки такого оборудования;
- предоставление экспертного заключения по вопросам, связанным с компьютерным оборудованием;
- комплексные услуги по оценке потребностей организации в компьютерах, консультированию по вопросу закупок компьютерного оборудования и программного обеспечения, разработке спецификаций системы и внедрению новой системы;
- услуги по интегрированию компьютерных систем, т.е. анализ действующей компьютерной системы клиента, настоящих и будущих требований к вычислительным ресурсам, приобретение нового оборудования и программного обеспечения и интегрирование компонентов новой и старой систем для создания новой интегрированной системы
"
62.02.10.000;Услуги консультативные по компьютерному оборудованию
62.02.2;Услуги консультативные по вопросам систем и программному обеспечению
62.02.20;"Услуги консультативные по вопросам систем и программному обеспечению
Эта группировка включает:
- предоставление консультативных услуг или экспертного заключения по вопросам информационных технологий, связанных с системами информационных технологий и программным обеспечением, таких как: консультации по таким вопросам, как требования к программному обеспечению и его закупки, консультации по вопросам безопасности систем
"
62.02.20.110;Услуги по планированию и проектированию компьютерных систем
62.02.20.120;Услуги по обследованию и экспертизе компьютерных систем
62.02.20.130;Услуги по обучению пользователей
62.02.20.140;Услуги по подготовке компьютерных систем к эксплуатации
62.02.20.190;Услуги консультативные в области компьютерных технологий прочие
62.02.3;Услуги по технической поддержке информационных технологий
62.02.30;"Услуги по технической поддержке информационных технологий
Эта группировка включает:
- предоставление технической поддержки при использовании программного обеспечения или выявлении и устранении его неисправностей;
- услуги по обновлению;
- предоставление технической поддержки при использовании аппаратного оборудования или выявлении и устранении его неисправностей, включая тестирование и чистку в рабочем порядке и ремонт оборудования информационных технологий;
- техническую помощь при перемещении компьютерной системы клиента на новое место;
- предоставление технической поддержки при использовании аппаратного оборудования в сочетании с программным обеспечением или выявлении и устранении его неисправностей;
- предоставление технической помощи для решения специализированных проблем клиента, связанных с использованием компьютерной системы, такой как услуги по проверке или оценке работы вычислительных машин без консультаций или прочих последующих действий, включая проверку, оценку и составление документации для сервера, сети или процесса в отношении компонентов, характеристик, качества функционирования или безопасности
Данная категория включает услуги по управлению и контролю инфраструктуры информационных технологий клиента, включая аппаратное оборудование, программное обеспечение и сети
Эта группировка не включает:
- услуги по восстановлению программного обеспечения в случае аварии, см. 62.09.20
"
62.02.30.000;Услуги по технической поддержке информационных технологий
62.03;Услуги по управлению компьютерным оборудованием
62.03.1;"Услуги по управлению компьютерным оборудованием
Эта группировка включает:
- услуги по управлению и контролю инфраструктуры информационных технологий клиента, включая аппаратное оборудование, программное обеспечение и сети"
62.03.11;"Услуги по управлению сетями
Эта группировка включает:
- услуги по управлению и контролю коммуникационных сетей и взаимосвязанного аппаратного оборудования для диагностики проблем сети и сбора статистических данных о емкости сети и использованию для управления сетевым потоком и его точной настройки
Данные услуги также включают удаленное управление системами безопасности или предоставление услуг, связанных с безопасностью
"
62.03.11.000;Услуги по управлению сетями
62.03.12;"Услуги по управлению компьютерными системами
Эта группировка включает:
- предоставление услуг по оперативному управлению и эксплуатации компьютерной системы клиента
"
62.03.12.110;Услуги по управлению компьютерными системами непосредственно
62.03.12.120;Услуги по управлению компьютерными системами дистанционно
62.03.12.130;Услуги по сопровождению компьютерных систем
62.03.12.190;Услуги по управлению компьютерными системами прочие, не включенные в другие группировки
62.09;Услуги в области информационных технологий прочие и компьютерные услуги
62.09.1;Услуги по установке компьютеров и периферийного оборудования
62.09.10;"Услуги по установке компьютеров и периферийного оборудования
Эта группировка не включает:
- услуги по установке универсальных электронных вычислительных машин, см. 33.20.39
"
62.09.10.000;Услуги по установке компьютеров и периферийного оборудования
62.09.2;Услуги в области информационных технологий и компьютерные услуги прочие, не включенные в другие группировки
62.09.20;"Услуги в области информационных технологий и компьютерные услуги прочие, не включенные в другие группировки
Эта группировка включает:
- услуги по восстановлению данных, т.е. восстановление данных клиента с поврежденного или нестабильного накопителя на жестких дисках или прочего носителя памяти, или предоставление резервного компьютерного оборудования и дубликата программного обеспечения в отдельном месте с целью предоставления клиенту возможности переместить постоянный персонал для возобновления и поддержки повседневных компьютеризованных работ в случае чрезвычайного происшествия, такого как пожар или наводнение;
- услуги по установке программного обеспечения;
- прочие услуги по технической поддержке в области информационных технологий, не включенные в другие группировки
Эта группировка не включает:
- услуги в области компьютерного программирования, см. 62.01.1;
- консультативные услуги в области информационных технологий, см. 62.02;
- услуги по обработке данных и размещению, см. 63.11.1
"
62.09.20.110;Услуги по восстановлению данных и поддержке повседневных компьютеризованных работ в случае чрезвычайного происшествия, такого как пожар или наводнение
62.09.20.120;Услуги по установке программного обеспечения
62.09.20.190;Услуги по технической поддержке в области информационных технологий прочие, не включенные в другие группировки
63.11.12;"Услуги по размещению в информационно-коммуникационной сети Интернет
Эта группировка включает:
- предоставление инфраструктуры для размещения web-сайта клиента и связанных с ним файлов в месте, обеспечивающем высокоскоростное, надежное соединение с информационно-коммуникационной сетью Интернет, которое может быть ограничено хранением на одном сервере, в общей или выделенной емкости, когда провайдер услуги не предоставляет услуг по управлению или интеграции прикладного программного обеспечения (ответственность за программное обеспечение, размещенное на сервере, несет клиент, и гарантии уровня обслуживания являются стандартными и ограничены по сфере применения);
- пакет комплексных услуг, состоящий из размещения и управления web-сайтом и взаимосвязанными приложениями. Важная характерная особенность данной услуги - обязательство обеспечения безопасного и надежного сайта и подключения к информационно-коммуникационной сети Интернет, которое можно быстро изменять для приспособления к изменениям в использовании потока. В пакет часто включено предоставление консультаций, услуги по индивидуализации и интеграции систем. Приложения часто связаны с электронной коммерцией и предоставляют возможность для функционирования электронных магазинов, работы корзин покупок и каталогов с улучшенными и сложными характеристиками, такими как обработка и выполнение заказов, поставки, выставление счетов-фактур, оформление операций, управление взаимоотношениями с клиентами, услуги по интеграции серверных баз данных и хранилищ данных и переносу данных между ними
"
63.11.12.000;Услуги по размещению в информационно-коммуникационной сети Интернет
63.11.19;"Услуги прочие по размещению и предоставлению инфраструктуры информационных технологий
Эта группировка включает:
- услуги по аренде стоечного пространства, т.е. предоставление стоечного пространства в защищенном помещении для размещения серверов и серверных платформ (услуга включает предоставление пространства для аппаратного оборудования и программного обеспечения клиента, подключение к информационно-коммуникационной сети Интернет или прочим коммуникационным сетям, а также повседневный контроль за серверами, ответственность
за управление операционной системой, аппаратным оборудованием и программным обеспечением несут клиенты);
- услуги по хранению данных, т.е. услуги по управлению хранилищем или его администрированию;
- услуги по управлению резервным копированием данных, такие как услуги по дистанционному созданию резервных копий, хранению, или управлению иерархическими запоминающими устройствами (переносу данных);
- услуги по управлению данными, т.е. постоянное управление данными и их администрирование в качестве организационного ресурса. (В услуги может быть включено моделирование данных, мобилизация данных, отображение/рационализация данных, извлечение информации из данных и создание системной архитектуры.)
"
63.11.19.000;Услуги прочие по размещению и предоставлению инфраструктуры информационных технологий
69;Услуги юридические и бухгалтерские
69.1;Услуги юридические
69.10;Услуги юридические
69.10.1;"Услуги юридические
Эта группировка не включает:
- административные услуги, связанные с судебными органами, см. 84.23.11
"
69.10.11;"Услуги по юридическим консультациям и представительству в связи с уголовным правом
Эта группировка включает:
- консультации, представительство и связанные с этим услуги (защита, поиск доказательств, свидетельство, экспертиза и т.д.), касающиеся уголовного права
"
69.10.11.000;Услуги по юридическим консультациям и представительству в связи с уголовным правом
69.10.12;"Услуги по юридическим консультациям и представительству в судебных процедурах в связи с правом предпринимательской деятельности и коммерческим правом
Эта группировка включает:
- консультации, представительство и связанные с этим услуги в судебных и квазисудебных процедурах в связи с правом предпринимательской деятельности и коммерческим правом
"
69.10.12.000;Услуги по юридическим консультациям и представительству в судебных процедурах в связи с правом предпринимательской деятельности и коммерческим правом
69.10.13;"Услуги по юридическим консультациям и представительству в судебных процедурах в связи с трудовым правом
Эта группировка включает:
- консультации, представительство и связанные с этим услуги в судебных и квазисудебных процедурах в связи с трудовым правом
"
69.10.13.000;Услуги по юридическим консультациям и представительству в судебных процедурах в связи с трудовым правом
69.10.14;"Услуги по юридическим консультациям и представительству в судебных процедурах в связи с гражданским правом
Эта группировка включает:
- консультации, представительство и связанные с этим услуги в судебных и квазисудебных процедурах в связи с гражданским правом
"
69.10.14.000;Услуги по юридическим консультациям и представительству в судебных процедурах в связи с гражданским правом
69.10.15;"Услуги юридические, касающиеся патентов, авторских прав и прочих прав интеллектуальной собственности
Эта группировка включает:
- составление и удостоверение документов и связанные с этим юридические услуги, касающиеся патентов, авторских прав и прочих прав интеллектуальной собственности
Эта группировка не включает:
- услуги по предоставлению лицензий на право использования интеллектуальной собственности и аналогичных продуктов, см. 77.40.1
"
69.10.15.000;Услуги юридические, касающиеся патентов, авторских прав и прочих прав интеллектуальной собственности
69.10.16;"Услуги нотариусов
Эта группировка включает:
- составление и хранение подлинных документов, обладающих законной и доказательной силой
Данные услуги предоставляются в таких областях, как семейное право (брачные контракты), наследственное право и завещания, передача недвижимого имущества, право, регулирующее деятельность компаний и т.д.
"
69.10.16.000;Услуги нотариусов
69.10.17;"Услуги арбитража и примирения
Эта группировка включает:
- услуги по оказанию помощи через арбитраж или посредничество для разрешения споров между трудящимися и администрацией, между предприятиями или между частными лицами
Эта группировка не включает:
- услуги по представительству от имени одной из сторон в споре, см. 69.10.11 - 69.10.14
"
69.10.17.000;Услуги арбитража и примирения
69.10.18;"Услуги юридические, связанные с аукционами
Эта группировка включает:
- юридические услуги, связанные с продажей имущества на аукционах
Эта группировка не включает:
- услуги по продаже на аукционах, кроме таких услуг, связанных с правовыми процедурами, см. 82.99.19
"
69.10.18.000;Услуги юридические, связанные с аукционами
69.10.19;"Услуги юридические прочие
Эта группировка включает:
- услуги по хранению документов в качестве третьего лица и урегулированию имущественных споров;
- консультации клиентов, связанные с их законными правами и обязанностями;
- прочие правовые услуги, не включенные в другие группировки
"
69.10.19.000;Услуги юридические прочие
69.2;"Услуги в области бухгалтерского учета; по проведению финансового аудита; по налоговому консультированию"
69.20;"Услуги в области бухгалтерского учета; по проведению финансового аудита; по налоговому консультированию"
69.20.1;Услуги по проведению финансового аудита
69.20.10;"Услуги по проведению финансового аудита
Эта группировка включает:
- услуги по проведению независимой проверки бухгалтерской (финансовой) отчетности в целях выражения мнения о достоверности такой отчетности
Эта группировка не включает:
- услуги по ведению бухгалтерского учета, включая составление бухгалтерской (финансовой) отчетности, см. 69.20.21;
- аудиторскую проверку управления, см. 70.22.11
"
69.20.10.000;Услуги по проведению финансового аудита
69.20.2;"Услуги в области бухгалтерского учета
Эта группировка включает:
- услуги по ведению (восстановлению) бухгалтерского учета, включая составление бухгалтерской (финансовой) отчетности;
- бухгалтерское консультирование;
- услуги по принятию, своду и консолидации бухгалтерской отчетности;
- услуги по расчету и начислению заработной платы;
- услуги в области бухгалтерского (финансового) учета прочие
Эта группировка не включает:
- услуги по обработке данных, см. 63.11.11
"
69.20.21;"Услуги по ведению (восстановлению) бухгалтерского учета
Эта группировка включает:
- услуги по ведению (восстановлению) бухгалтерского учета, включая составление бухгалтерской (финансовой) отчетности, заключающейся в формировании документированной систематизированной информации об объектах бухгалтерского учета, и составлению на ее основе бухгалтерской (финансовой) отчетности
Эта группировка не включает:
- услуги по обработке данных, см. 63.11.11
"
69.20.21.000;Услуги по ведению (восстановлению) бухгалтерского учета
69.20.22;"Услуги по бухгалтерскому консультированию
Эта группировка включает:
- услуги по консультации вопросов по организации и (или) ведению бухгалтерского учета, включая вопросы по составлению и представлению бухгалтерской (финансовой) отчетности на основе информации, предоставленной клиентом;
- услуги по консультации вопросов организации внутреннего контроля
Достоверность составляемых отчетов при этом не гарантируется
Эта группировка не включает:
- услуги по обработке данных, см. 63.11.11;
- услуги по составлению налоговых расчетов и деклараций, предоставляемые в качестве отдельной услуги, см. 69.20.3
"
69.20.22.000;Услуги по бухгалтерскому консультированию
69.20.23;"Услуги по принятию, своду и консолидации бухгалтерской (финансовой) отчетности
Эта группировка включает:
- услуги по принятию бухгалтерской (финансовой) отчетности от подведомственных учреждений клиента;
- услуги бухгалтерского учета по составлению на основе отчетности подведомственных учреждений клиента сводной и консолидированной бухгалтерской (финансовой) отчетности
Эта группировка не включает:
- услуги по ведению (восстановлению) бухгалтерского учета, см. 69.20.21;
- услуги по обработке данных, см. 63.11.11;
- услуги по заработной плате, в том числе расчет заработной платы и формирование соответствующих регистров, см. 69.20.24;
- услуги в области бухгалтерского учета, относящиеся к составлению налоговых расчетов и деклараций, см. 69.20.3;
- услуги по сбору платежей по счетам, см. 82.91.12
"
69.20.23.000;Услуги по принятию, своду и консолидации бухгалтерской (финансовой) отчетности
69.20.24;"Услуги по расчету и начислению заработной платы
Эта группировка включает:
- услуги по расчету и начислению заработной платы, формирование первичных документов по учету заработной платы и ее выплатам, включая расчет обязательных налогов с доходов физических лиц и платежей во внебюджетные фонды, с формированием необходимых налоговых и иных расчетов (документов)
Эта группировка не включает:
- услуги в области налогового консультирования, относящиеся к составлению налоговых расчетов и деклараций, см. 69.20.3
"
69.20.24.000;Услуги по расчету и начислению заработной платы
69.20.29;"Услуги в области бухгалтерского учета прочие
Эта группировка включает:
- услуги по организации внутреннего контроля, учетной политике экономического субъекта и иных услуг в области бухгалтерского учета
Эта группировка не включает:
- услуги по ведению (восстановлению) бухгалтерского учета, см. 69.20.21
"
69.20.29.000;Услуги в области бухгалтерского учета прочие
69.20.3;"Услуги в области налогового консультирования
Эта группировка включает:
- налоговое консультирование;
- представление клиентов в налоговых органах, в том числе подготовка налоговой документации
"
69.20.31;"Услуги по налоговому консультированию и подготовка налоговой документации для юридических лиц
Эта группировка включает:
- консультирование по налогообложению юридических лиц;
- представление юридических лиц в налоговых органах, в том числе подготовка налоговой документации для юридических лиц
"
69.20.31.000;Услуги по налоговому консультированию и подготовка налоговой документации для юридических лиц
69.20.32;"Услуги по налоговому консультированию и подготовка налоговой документации для физических лиц
Эта группировка включает:
- консультирование по налогообложению физических лиц;
- представление физических лиц в налоговых органах, в том числе подготовка налоговой документации по налогам физических лиц
"
69.20.32.000;Услуги по налоговому консультированию и подготовка налоговой документации для физических лиц
69.20.4;Услуги, связанные с неплатежеспособностью и взысканием задолженности
69.20.40;"Услуги, связанные с неплатежеспособностью и взысканием задолженности
Эта группировка включает:
- консультации и помощь для руководства и/или кредиторов неплатежеспособного предприятия и/или принятие мер в качестве ликвидатора или управляющего имуществом неплатежеспособного предприятия
"
69.20.40.000;Услуги, связанные с неплатежеспособностью и взысканием задолженности
70.22.2;Услуги по вопросам руководства проектами прочие, кроме руководства строительными проектами
70.22.20;"Услуги по вопросам руководства проектами прочие, кроме руководства строительными проектами
Эта группировка включает:
- услуги по координации ресурсов и контролю за их использованием в процессе подготовки, осуществления и завершения проекта по поручению клиента услуги по руководству проектами, которые могут включать бюджетный контроль, контроль за отчетностью и расходами, закупки, планирование графика работ и прочих условий работ, координацию работы субподрядчиков, проверку и контроль качества и т.д.;
- услуги по руководству проектами, которые включают услуги по вопросам управления и административные услуги с предоставлением или без предоставления своего персонала
Эта группировка не включает:
- услуги по руководству строительными проектами, см. 71.12.20
"
70.22.20.000;Услуги по вопросам руководства проектами прочие, кроме руководства строительными проектами
71.12;Услуги в области инженерно-технического проектирования и связанные технические консультативные услуги
71.12.1;"Услуги инженерно-технического характера
Эта группировка не включает:
- услуги по научным исследованиям и экспериментальным разработкам в области технических наук, см. 72.19.2
"
71.12.11;"Услуги в виде научно-технических консультаций
Эта группировка включает:
- предоставление консультаций и рекомендаций клиентам по вопросам инженерных принципов и методов независимо от инженерного проекта, включая анализ стратегии, исследования, связанные с законодательным регулированием, и проверки;
- дачу свидетельских показаний свидетелем, который на основании опыта, обучения, умения или знаний в области инженерного дела считается компетентным для предоставления обоснованной точки зрения по таким вопросам;
- инженерное исследование неисправной инженерной системы или конструкции для определения причинных факторов
Эта группировка также включает:
- инженерно-технические консультации по энергосбережению и повышению энергетической эффективности;
- энергосервис
Эта группировка не включает:
- рекомендации, исследования и отчеты, предоставленные в связи с отдельным проектом, см. классификацию на основе типа проекта в группировках 71.12.12 - 71.12.19
"
71.12.11.100;Услуги в виде инженерно-технических консультаций по энергосбережению и повышению энергетической эффективности
71.12.11.900;Услуги в виде инженерно-технических консультаций прочие
71.12.12;"Услуги по инженерно-техническому проектированию зданий
Эта группировка включает:
- создание чертежей, планов и проведение исследований, связанных с проектами жилищного строительства, такими как проекты, связанные с новыми и существующими домами, домами строчной застройки, квартирами и т.п., многофункциональными зданиями, преимущественно используемыми для жилья;
- создание чертежей, планов и проведение исследований, связанных со строительными проектами новых и существующих торговых, общественных и учрежденческих зданий, включая многофункциональные здания, преимущественно используемые для торговых, общественных или учрежденческих целей, таких как: офисные здания, торговые центры, гостиницы и рестораны, станции обслуживания и склады, автобусные и грузовые терминалы, больницы, школы, церкви, тюрьмы, стадионы и зрелищно-спортивные сооружения с центральной ареной, библиотеки и музеи;
- инженерные консультативные услуги, связанные с конкретным проектом строительства жилого, коммерческого, общественного или учрежденческого здания или сооружения
Эта группировка также включает:
- услуги, связанные с разработкой инженерно-технической проектной документации по консервации, ремонту, реставрации, приспособлению и воссозданию зданий, являющихся объектами культурного наследия;
- услуги, связанные с разработкой проектной документации по инженерному укреплению зданий, являющихся объектами культурного наследия
Эта группировка не включает:
- инженерные консультативные услуги, не связанные с конкретным проектом, см. 71.12.11;
- услуги в области ландшафтной архитектуры, связанные с разработкой инженерно-технической проектной документации по консервации, ремонту, реставрации, приспособлению и воссозданию объектов культурного наследия, см. 71.11.41
"
71.12.12.110;"Услуги по проектированию (включая изыскания) объектов использования атомной энергии
Эта группировка не включает:
- услуги по проведению экспертизы проектной документации и результатов инженерных изысканий, см. 71.20.19.110;
- услуги по проведению государственной экспертизы проектной документации и результатов инженерных изысканий, см. 71.20.19.111
"
71.12.12.120;Услуги по строительному надзору при строительстве и реконструкции объектов федеральных ядерных организаций
71.12.12.130;"Услуги, связанные с разработкой инженерно-технической проектной документации по консервации, ремонту, реставрации, приспособлению и воссозданию зданий, являющихся объектами культурного наследия
Эта группировка также включает:
- услуги, связанные с разработкой проектной документации по инженерному укреплению зданий, являющихся объектами культурного наследия
Эта группировка не включает:
- услуги в области ландшафтной архитектуры, связанные с разработкой инженерно-технической проектной документации по консервации, ремонту, реставрации, приспособлению и воссозданию объектов культурного наследия, см. 71.11.41
"
71.12.12.190;Услуги по инженерно-техническому проектированию зданий прочие, не включенные в другие группировки
71.12.13;"Услуги по инженерно-техническому проектированию систем энергоснабжения
Эта группировка включает:
- инженерные услуги, связанные с объектами, на которых вырабатывается: электроэнергия из угля и прочих ископаемых видов топлива, таких как нефть и газ; электроэнергия из ядерного топлива; энергия падающей воды; прочая энергия, такая как солнечная энергия, энергия ветра, геотермальная энергия, включая энергию, вырабатываемую на теплоэлектроцентралях;
- инженерные услуги, связанные с надземными или подземными линиями электропередачи и распределения электроэнергии
"
71.12.13.000;Услуги по инженерно-техническому проектированию систем энергоснабжения
71.12.14;"Услуги по инженерно-техническому проектированию тоннелей, автомагистралей, улиц, транспортных развязок и подобных объектов
Эта группировка включает:
- все инженерные услуги (включая составление чертежей, планов и проведение исследований), связанные с автомагистралями, дорогами и улицами, включая надземные автомагистрали, используемые для движения автодорожных транспортных средств; мостами и тоннелями; вспомогательными дорожно-транспортными сооружениями, такими как площадки отдыха у дороги, станции взвешивания, пункты платы за проезд; системами общественного транспорта, такими как системы легкорельсового транспорта или метрополитена; железными дорогами и с ними связанными конструкциями;
железнодорожными мостами и тоннелями; морскими и внутренними портами; портами, шлюзами, каналами и плотинами, главным образом используемыми для транспортировочных целей; аэропортами, взлетно-посадочными полосами, ангарами, прочими авиационными сооружениями; проектами в области космического транспорта; проектами по транспортировке нефти и газа; прочими проектами в области транспорта, не включенными в другие группировки
Эта группировка также включает:
- услуги по разработке инженерно-технической проектной документации по консервации, ремонту, реставрации, приспособлению и воссозданию транспортных сооружений, являющихся объектами культурного наследия, например, гидротехнических и портовых сооружений, мостов, тоннелей и т.п.;
- услуги по разработке проектной документации по инженерному укреплению транспортных сооружений, являющихся объектами культурного наследия
"
71.12.14.100;Услуги по инженерно-техническому проектированию тоннелей, автомагистралей, улиц, транспортных развязок и подобных объектов, кроме объектов культурного наследия
71.12.14.200;"Услуги по инженерно-техническому проектированию транспортных сооружений, являющихся объектами культурного наследия
Эта группировка включает:
- услуги по разработке инженерно-технической проектной документации по консервации, ремонту, реставрации, приспособлению и воссозданию транспортных сооружений, являющихся объектами культурного наследия, например, гидротехнических и портовых сооружений, мостов, тоннелей и т.п.;
- услуги по разработке проектной документации по инженерному укреплению транспортных сооружений, являющихся объектами культурного наследия
"
71.12.15;"Услуги по инженерно-техническому проектированию заводов по переработке промышленных и твердых бытовых отходов (опасных и неопасных)
Эта группировка включает:
- инженерные услуги, связанные с системами сбора и удаления бытовых отходов, такими как: установки для переработки отходов, установки для компостирования отходов, перевалочные станции, рекуперационные установки, свалки мусора;
- инженерные услуги, связанные с программами по сбору, очистке, переработке и удалению промышленных источников загрязнения атмосферы, воды и твердых отходов, обычно до такого уровня, по достижении которого остаточный поток отходов можно без риска выпустить в природную среду или обычные муниципальные системы;
- инженерные услуги, связанные с программами очистки опасных отходов, такими как: программы по обработке и удалению радиоактивных отходов, программы по уничтожению отравляющих веществ, программы по перепланировке и новой застройке старого промышленного района, программы по моделированию грунтовых вод, программы рекультивации загрязненных участков
"
71.12.15.000;Услуги по инженерно-техническому проектированию заводов по переработке промышленных и твердых бытовых отходов (опасных и неопасных)
71.12.16;"Услуги по инженерно-техническому проектированию объектов водоснабжения и канализации
Эта группировка включает:
- инженерные услуги, связанные с системами сбора, распределения, очистки и удаления воды, такими как: системы распределения питьевой воды, насосные станции, резервуары, сооружения водохранилищ, магистральные трубопроводы для подачи и распределения воды, включая запруды, преимущественно используемые для местного распределения питьевой воды и опреснительных установок, системы для управления ливневыми сточными водами, дренажные системы и системы противопаводочных водохранилищ, включая плотины, преимущественно используемые для регулирования паводкового стока, системы сбора, очистки и удаления сточных вод, оросительные системы и водопроводы, включая плотины, преимущественно используемые для орошения, применение законов физики и инженерных принципов при проектировании, разработке и использовании машин, материалов, инструментов, структур, процессов и систем
"
71.12.16.000;Услуги по инженерно-техническому проектированию производственных процессов и производств
71.12.17;"Услуги по инженерно-техническому проектированию производственных процессов и производств
Эта группировка включает:
- инженерные услуги, связанные с промышленными объектами и процессами: объектами горнодобывающей
и металлургической промышленности, такими как шахты, металлургические комбинаты, прокатные цеха, заводы по переработке минеральных ресурсов, включая комплексные инженерно-технические проекты, объединяющие сооружения и процессы; процессами в области горнодобывающей и металлургической промышленности, такими как добыча минеральных полезных ископаемых, выплавка, перегонка, обработка металлов без снятия стружки нефтяными и нефтехимическими сооружениями, такими как нефтяные и газовые платформы, нефтеперерабатывающие заводы, трубопроводы, нефтехимические заводы, включая комплексные инженерно-технические проекты, объединяющие сооружения и процессы; процессами производства нефти и продуктов нефтехимии, такими как добыча, перегонка, приготовление составов, смешивание; объектами и процессами в области микроэлектроники, например, для производства микропроцессоров, кремниевых кристаллов и пластин, интегральных схем и полупроводников; объектами и процессами для текстильного производства и производства одежды; объектами и процессами для производства черных металлов; прочими промышленными объектами и процессами, не включенными в другие группировки;
- инженерные услуги, связанные с проектированием промышленных изделий и продуктов фабричного производства: промышленного оборудования, такого как сельскохозяйственное, строительное, горнодобывающее, металлообрабатывающее, торговое оборудование и оборудование для обслуживания, отопительное, вентиляционное оборудование и оборудование для кондиционирования воздуха, оборудование для передачи энергии электронного оборудования, такого как компьютеры и периферийное оборудование, оборудование связи, аудио- и видеооборудование, полупроводники и прочие электронные компоненты электрооборудования, такого как осветительные приборы, крупные и мелкие электробытовые приборы и их составные части; транспортного оборудования, такого как автотранспортные средства, воздушные суда, поезда, морские суда, космические суда; промышленные изделия и продукты фабричного производства, не включенные в другие группировки
Эта группировка не включает:
- услуги в области промышленного дизайна, см. 74.10.12
"
71.12.17.000;Услуги по инженерно-техническому проектированию производственных процессов и производств
71.12.18;"Услуги по инженерно-техническому проектированию объектов связи, телевидения и радиовещания
Эта группировка включает:
- инженерные услуги, связанные с системами передачи голосовых сообщений и данных между пунктами сетевого окончания по медным проводам, оптоволоконным кабелям, коаксиальным кабелям и гибридным оптико-коаксиальным кабелям;
- инженерные услуги, связанные с системами передачи голосовых сообщений, данных и программ между пунктами сетевого окончания с помощью коротких волн или микроволн, такими как: системы радиотелефонной связи, системы спутниковой радиосвязи, спутниковые системы прямого вещания;
- инженерные услуги, связанные с системами передачи радио- и телевизионных сигналов;
- инженерные услуги, связанные с системами передачи или рассылки голосовых сообщений, данных или программ, не включенными в другие группировки
"
71.12.18.000;Услуги по инженерно-техническому проектированию объектов связи, телевидения и радиовещания
71.12.19;"Услуги по инженерно-техническому проектированию прочих объектов
Эта группировка включает:
- инженерные услуги, связанные с проектами по распределению природного газа и пара прочими коммунальными проектами, не включенными в другие группировки;
- инженерные услуги, связанные с системами, процессами, средствами или продуктами, не включенные в другие группировки, включая предоставление с ними связанных проектов, планов и исследований
Эта группировка также включает:
- услуги по разработке инженерно-технической проектной документации по консервации, ремонту, реставрации, приспособлению и воссозданию прочих сооружений, являющихся объектами культурного наследия, таких, например, как колонны, колоннады, триумфальные арки, памятники историческим деятелям и деятелям культуры, стелы и т.п.;
- услуги по разработке проектной документации по инженерному укреплению прочих сооружений, являющихся объектами культурного наследия
"
71.12.19.100;Услуги по инженерно-техническому проектированию прочих объектов, кроме объектов культурного наследия
71.12.19.200;"Услуги по инженерно-техническому проектированию прочих объектов культурного наследия, не включенных в другие группировки
Эта группировка включает:
- услуги по разработке инженерно-технической проектной документации по консервации, ремонту, реставрации, приспособлению и воссозданию прочих сооружений, являющихся объектами культурного наследия, таких, например, как колонны, колоннады, триумфальные арки, памятники историческим деятелям и деятелям культуры, стелы и т.п.;
- услуги по разработке проектной документации по инженерному укреплению прочих сооружений, являющихся объектами культурного наследия
"
71.12.2;Услуги по руководству строительными проектами
71.12.20;"Услуги по руководству строительными проектами
Эта группировка включает:
- услуги, связанные с принятием по поручению клиента общей ответственности за успешное выполнение строительного проекта, включая организацию финансирования и проектирования, подачу конкурсных заявок и выполнение управленческих и контрольных функций;
- услуги по руководству проектами, предоставляемые инженерами или архитекторами
Эта группировка также включает:
- услуги по авторскому и техническому надзору при проведении работ по сохранению и воссозданию объекта культурного наследия
Эта группировка не включает:
- общие строительные работы, см. разделы 41, 42
"
71.12.20.110;Услуги заказчика-застройщика, генерального подрядчика
71.12.20.120;Услуги по авторскому и техническому надзору при проведении работ по сохранению и воссозданию объекта культурного наследия
71.12.20.190;Услуги по руководству строительными проектами прочие
71.12.3;Услуги в области геологических, геофизических и взаимосвязанных изыскательных работ и консультативные услуги
71.12.31;"Услуги геологические и геофизические консультативные
Эта группировка включает:
- геологические консультативные услуги по вопросам определения местонахождения запасов твердых полезных ископаемых, нефти, газа и подземных вод путем геологического изучения недр, лабораторных исследований полезных ископаемых и горных пород;
- предоставление консультаций по вопросам исследования и разработки минеральных запасов, запасов нефти и природного газа;
- консультативные услуги по вопросам оценки геологических, геофизических и геохимических аномалий;
- консультативные услуги геологического картирования или изысканий на поверхности или под нею
"
71.12.31.000;Услуги геологические и геофизические консультативные
71.12.32;"Услуги геофизические
Эта группировка включает:
- услуги по предоставлению информации о подповерхностных формациях путем применения следующих различных методов: сейсмографических, гравиметрических, магнитометрических методов, прочих методов исследования подповерхностных слоев
Эта группировка не включает:
- работы по структурно-поисковому бурению, см. 43.13.10
"
71.12.32.000;Услуги геофизические
71.12.33;"Услуги по разведке полезных ископаемых и оценке их месторождений
Эта группировка не включает:
- разведочное бурение, связанное с добычей нефти и природного газа, см. 09.10.11
"
71.12.33.100;Услуги по разведке полезных ископаемых, содержащих ядерные материалы и радиоактивные вещества, и оценке их месторождений
71.12.33.900;Услуги по разведке прочих полезных ископаемых и оценке их месторождений, не включенные в другие группировки
71.12.34;"Услуги по изучению земной поверхности
Эта группировка включает:
- услуги по сбору информации о форме, расположении и/или границах участка земной поверхности различными методами, включая обход, фотограмметрические и гидрографические обследования с целью подготовки карт, сбор данных при помощи искусственных спутников Земли;
- землемерные и топографические услуги (например, обозначение границ земельной собственности, демаркация границ)
Эта группировка также включает:
- изыскательские работы в целях сохранения и воссоздания объектов культурного наследия: землемерные и топографические услуги;
- услуги (работы) по определению границ территорий объектов культурного и археологического наследия
Эта группировка не включает:
- услуги аэрофотосъемки, см. 74.20.24
"
71.12.34.110;"Услуги в области землеустройства
Эта группировка также включает:
- услуги (работы) по определению границ территорий объектов культурного и археологического наследия
"
71.12.34.120;Услуги в области изучения земной поверхности, кроме услуг в области землеустройства
71.12.35;"Услуги в области картографии
Эта группировка включает:
- услуги по составлению карт, включающие создание и обновление карт всех видов (например, дорожных, кадастровых, топографических, планиметрических, гидрографических) с использованием результатов работ по обследованию местности, других карт и прочих источников информации
Эта группировка не включает:
- издание карт и атласов в печатной форме, см. 58.11.15 и 58.11.16
"
71.12.35.110;Услуги в области кадастровой деятельности
71.12.35.120;Услуги в области картографии, кроме услуг в области кадастровой деятельности
71.12.39;"Услуги в области геологических, геофизических и взаимосвязанных изыскательных работ прочие, не включенные в другие группировки
Эта группировка также включает:
- изыскательские работы в целях сохранения и воссоздания объектов культурного наследия: геологические, геофизические и взаимосвязанные изыскательские работы
"
71.12.39.110;Услуги в области гидрометеорологии и смежных с ней областях
71.12.39.111;Услуги наблюдательной гидрометеорологической сети
71.12.39.112;Работы гелиофизические и геофизические
71.12.39.113;Услуги по мониторингу загрязнения окружающей среды для физических и юридических лиц
71.12.39.114;Работы полевые и изыскания в области гидрометеорологии и смежных с ней областях, экспедиционные обследования объектов окружающей среды с целью оценки уровней загрязнения
71.12.39.115;Услуги по обработке и предоставлению гидрометеорологической информации органам государственной власти и населению
71.12.39.116;Услуги по гидрометеорологическому обеспечению деятельности физических и юридических лиц
71.12.39.117;Услуги, связанные с активными воздействиями на метеорологические и геофизические процессы и явления
71.12.39.119;"Услуги в области гидрометеорологии и смежных с ней областях прочие
Эта группировка также включает:
- изыскательские работы в целях сохранения и воссоздания объектов культурного наследия: в области гидрометеорологии и смежных с ней областях
"
71.12.4;Услуги в области технического регулирования, стандартизации, метрологии, аккредитации, каталогизации продукции
71.12.40;Услуги в области технического регулирования, стандартизации, метрологии, аккредитации, каталогизации продукции
71.12.40.110;"Услуги в области технического регулирования и стандартизации
Эта группировка включает:
- услуги по разработке технических регламентов, содердащих обязательные требования к продукции, процессам ее производства, эксплуатации, хранения, перевозки, реализации и утилизации, требования к терминологии, упаковке, маркировке, этикеткам и правилам их нанесения;
- услуги по разработке национальных стандартов, правил стандартизации, норм и рекомендаций в области стандартизации, применяемых в установленном порядке классификаций, стандартов организаций, сводов правил;
- услуги по разработке и ведению общероссийских классификаторов технико-экономической и социальной информации;
- услуги по разработке и ведению Федерального информационного фонда технических регламентов и стандартов
"
71.12.40.111;Услуги по техническому регулированию в области использования атомной энергии
71.12.40.112;Услуги по стандартизации в области использования атомной энергии
71.12.40.119;Услуги по техническому регулированию и стандартизации, кроме услуг по техническому регулированию и стандартизации в области использования атомной энергии
71.12.40.120;"Услуги в области метрологии
Эта группировка включает:
- услуги по передаче размера единиц физических величин;
- услуги по испытаниям, проверке и калибровке средств измерений;
- услуги по разработке методик выполнения измерений и оценке точности измерений;
- услуги в области метрологии и прочие
"
71.12.40.121;Услуги по обеспечению единства измерений в области использования атомной энергии
71.12.40.129;Услуги в области метрологии прочие, не включенные в другие группировки
71.12.40.130;Услуги в области аккредитации
71.12.40.131;Услуги по аккредитации в области использования атомной энергии
71.12.40.139;Услуги в области аккредитации прочие, не включенные в другие группировки
71.12.40.140;Услуги государственного контроля (надзора) за соблюдением требований технических регламентов
71.12.40.141;Услуги по контролю (надзору) за соблюдением технического регулирования в области использования атомной энергии
71.12.40.149;Услуги государственного контроля (надзора) за соблюдением требований технических регламентов прочие, не включенные в другие группировки
71.12.40.150;Услуги федерального государственного метрологического надзора
71.12.40.160;"Услуги в области каталогизации продукции
Эта группировка включает:
- услуги по разработке каталогов на финальную продукцию;
- услуги по разработке каталожных описаний предметов снабжения;
- услуги в области каталогизации продукции прочие
"
